{
  "delta": {
    "t_stat": 4.074259824750716,
    "p_value": 4.617897968581644e-05,
    "seizure_mean": 43975340.18918919,
    "normal_mean": 20918354.377486743
  },
  "theta": {
    "t_stat": 0.16042373203017996,
    "p_value": 0.8725474608063142,
    "seizure_mean": 12274445.371621622,
    "normal_mean": 10952152.099670699
  },
  "alpha": {
    "t_stat": 3.118094162838103,
    "p_value": 0.0018205085332250615,
    "seizure_mean": 8554514.506756756,
    "normal_mean": 5007341.884161576
  },
  "beta": {
    "t_stat": 6.488252133678095,
    "p_value": 8.70426402073259e-11,
    "seizure_mean": 6568048.233108108,
    "normal_mean": 1467494.7889253902
  },
  "gamma": {
    "t_stat": 1.2632390829829028,
    "p_value": 0.20650476668480863,
    "seizure_mean": 466961.97951858107,
    "normal_mean": 97649.15534125586
  }
}