{
  "mean": {
    "t_stat": 0.3132280935988002,
    "p_value": 0.7541077076801198,
    "seizure_mean": -0.020666361257836625,
    "normal_mean": 3.6236365201494686e-05,
    "seizure_std": 0.2802366182025633,
    "normal_std": 0.4020156529876689
  },
  "std": {
    "t_stat": 6.085576888819956,
    "p_value": 1.1628566587997275e-09,
    "seizure_mean": 9.114505967578372,
    "normal_mean": 5.64267587693832,
    "seizure_std": 3.532143074242723,
    "normal_std": 3.469869056541799
  },
  "variance": {
    "t_stat": 4.002439859906667,
    "p_value": 6.271553137347864e-05,
    "seizure_mean": 95.55025312062857,
    "normal_mean": 43.87978232645781,
    "seizure_std": 69.10340659901766,
    "normal_std": 78.5207895362582
  },
  "peak_to_peak": {
    "t_stat": 6.273525305551135,
    "p_value": 3.5369316080701344e-10,
    "seizure_mean": 58.827769253705,
    "normal_mean": 36.38489184145196,
    "seizure_std": 24.583005772593477,
    "normal_std": 21.757723560910907
  },
  "energy": {
    "t_stat": 3.9848727791797787,
    "p_value": 6.754056934003369e-05,
    "seizure_mean": 48866.60628695101,
    "normal_mean": 22505.316456109398,
    "seizure_std": 35299.66686209944,
    "normal_std": 40236.430613387005
  },
  "line_length": {
    "t_stat": 13.217951944377418,
    "p_value": 7.188168112658852e-40,
    "seizure_mean": 1815.8871954840583,
    "normal_mean": 941.2121894970729,
    "seizure_std": 560.8354280273044,
    "normal_std": 402.4407695753998
  },
  "zero_crossing_rate": {
    "t_stat": 1.5645330500926322,
    "p_value": 0.11769404448959955,
    "seizure_mean": 90.43243243243244,
    "normal_mean": 84.47803894481295,
    "seizure_std": 21.932994447512716,
    "normal_std": 23.148071463773984
  },
  "abs_mean": {
    "t_stat": 6.337338058015476,
    "p_value": 2.342714456678139e-10,
    "seizure_mean": 6.9323932931229875,
    "normal_mean": 4.247851364012361,
    "seizure_std": 2.6062183201554814,
    "normal_std": 2.5764411259432216
  },
  "rms": {
    "t_stat": 6.06552758845948,
    "p_value": 1.3175952131750003e-09,
    "seizure_mean": 9.111585455971795,
    "normal_mean": 5.6465099513169275,
    "seizure_std": 3.524429133574604,
    "normal_std": 3.474567837303682
  },
  "kurtosis": {
    "t_stat": 0.7434312009255002,
    "p_value": 0.4572215470655553,
    "seizure_mean": 3.985341014088811,
    "normal_mean": 4.188520520207762,
    "seizure_std": 1.0847482247985303,
    "normal_std": 1.6623420781464862
  }
}