{
  "top_k": 16,
  "channels": [
    113,
    54,
    53,
    62,
    63,
    61,
    105,
    55,
    31,
    15,
    120,
    47,
    30,
    121,
    126,
    76
  ],
  "t_stats": [
    25.652078108525398,
    23.81766623247141,
    22.663785223357767,
    20.697013948272858,
    20.299400286970126,
    19.971474173467232,
    16.753272239855754,
    16.622385300237895,
    15.855582395413997,
    14.774961170143062,
    14.25595217355863,
    13.107534196441122,
    12.502781523571189,
    12.407690505925395,
    12.149622707892757,
    12.053286657044795
  ]
}